user_id,last_order_days_ago,orders_last_30d,avg_order_value,support_tickets,app_opens_last_30d,payment_method,membership_status,city_tier,churned
U1000,52,5,355.78,0,67,UPI,None,Tier 3,0
U1001,15,2,294.18,3,90,UPI,None,Tier 2,0
U1002,72,3,335.31,0,91,Card,None,Tier 2,0
U1003,61,4,285.59,0,42,Cash,Pro,Tier 1,0
U1004,21,6,305.06,0,79,Card,None,Tier 2,0
U1005,83,4,249.85,2,58,Cash,None,Tier 1,1
U1006,87,4,363.2,1,51,Cash,None,Tier 1,0
U1007,75,4,434.58,0,96,UPI,None,Tier 1,0
U1008,75,6,327.19,0,18,UPI,Pro,Tier 3,0
U1009,88,2,398.26,1,20,UPI,None,Tier 3,0
U1010,24,3,406.28,0,21,UPI,None,Tier 2,0
U1011,3,3,290.04,0,8,Card,None,Tier 2,0
U1012,22,2,300.81,0,8,Cash,None,Tier 2,0
U1013,53,3,399.54,1,72,Card,None,Tier 2,0
U1014,2,1,345.38,0,26,UPI,Pro,Tier 2,0
U1015,88,3,285.46,0,16,UPI,Pro,Tier 1,0
U1016,30,1,318.16,0,43,UPI,Pro,Tier 1,0
U1017,38,3,370.98,0,44,Card,None,Tier 2,0
U1018,2,3,310.3,1,7,UPI,Pro,Tier 2,0
U1019,64,3,211.27,1,79,UPI,Pro,Tier 2,0
U1020,60,6,333.9,0,17,UPI,None,Tier 3,0
U1021,21,3,337.95,0,32,UPI,Pro,Tier 1,0
U1022,33,0,350.46,3,0,Cash,None,Tier 1,1
U1023,76,3,412.94,0,75,UPI,None,Tier 2,0
U1024,58,3,352.68,1,5,UPI,Pro,Tier 1,0
U1025,22,3,362.15,0,40,UPI,None,Tier 1,0
U1026,89,2,402.78,1,54,UPI,Pro,Tier 1,0
U1027,49,4,350.52,0,4,Card,None,Tier 2,0
U1028,59,4,456.83,0,58,Card,None,Tier 1,0
U1029,42,5,286.81,0,79,UPI,Pro,Tier 2,0
U1030,60,1,303.29,0,17,Card,Pro,Tier 2,0
U1031,80,8,380.7,0,48,UPI,None,Tier 1,0
U1032,15,2,412.72,0,81,Card,Pro,Tier 2,0
U1033,62,5,339.96,0,64,UPI,Pro,Tier 1,0
U1034,62,7,299.47,0,82,UPI,None,Tier 3,0
U1035,47,2,438.05,1,53,Card,None,Tier 3,0
U1036,62,3,310.38,0,60,Cash,None,Tier 1,0
U1037,51,7,366.95,0,7,Card,None,Tier 3,0
U1038,55,0,415.71,1,2,UPI,None,Tier 2,1
U1039,64,5,327.92,0,24,UPI,Pro,Tier 3,0
U1040,3,3,318.89,0,68,Cash,None,Tier 2,0
U1041,51,3,322.32,1,54,UPI,None,Tier 1,0
U1042,7,4,395.08,0,39,UPI,None,Tier 3,0
U1043,21,2,403.01,0,82,UPI,None,Tier 1,0
U1044,73,7,351.69,0,81,UPI,Pro,Tier 1,0
U1045,39,3,444.15,2,49,UPI,Pro,Tier 1,0
U1046,18,1,351.6,1,94,UPI,None,Tier 1,0
U1047,4,2,414.62,0,32,UPI,None,Tier 2,0
U1048,89,5,328.4,1,17,Cash,None,Tier 2,0
U1049,60,3,466.69,1,56,UPI,Pro,Tier 3,0
U1050,14,2,428.51,0,15,UPI,None,Tier 1,0
U1051,9,8,343.6,1,79,Card,None,Tier 3,0
U1052,53,3,421.73,1,37,Card,None,Tier 3,0
U1053,2,5,419.2,1,40,UPI,None,Tier 1,0
U1054,84,3,427.65,0,6,Cash,None,Tier 1,1
U1055,60,2,225.9,2,77,UPI,Pro,Tier 3,0
U1056,71,1,385.97,1,52,Cash,None,Tier 2,0
U1057,44,1,377.11,0,62,UPI,None,Tier 2,0
U1058,8,1,373.55,0,88,UPI,Pro,Tier 2,0
U1059,47,5,360.92,1,31,Cash,Pro,Tier 2,0
U1060,35,10,362.39,1,37,Card,None,Tier 1,0
U1061,78,1,414.16,1,21,UPI,None,Tier 2,0
U1062,81,4,376.97,1,15,UPI,None,Tier 1,0
U1063,36,2,360.85,2,51,UPI,Pro,Tier 2,0
U1064,50,1,406.97,0,28,Card,None,Tier 3,0
U1065,4,2,370.9,1,15,UPI,None,Tier 2,0
U1066,2,4,375.68,2,75,UPI,None,Tier 3,0
U1067,6,5,443.35,0,16,UPI,None,Tier 2,0
U1068,54,6,328.28,0,63,Card,None,Tier 2,0
U1069,4,4,274.21,0,90,Cash,None,Tier 2,0
U1070,54,3,353.62,1,88,Card,None,Tier 3,0
U1071,63,0,360.73,0,12,UPI,None,Tier 2,1
U1072,18,1,386.08,0,71,Cash,None,Tier 1,0
U1073,44,0,355.37,0,55,Card,None,Tier 3,0
U1074,34,3,387.76,0,4,Cash,None,Tier 2,0
U1075,74,1,475.23,1,11,UPI,None,Tier 1,0
U1076,62,2,390.08,1,40,UPI,None,Tier 2,0
U1077,14,5,398.87,0,2,Card,None,Tier 3,0
U1078,48,1,343.52,1,98,UPI,None,Tier 2,0
U1079,15,1,280.74,0,32,Card,None,Tier 1,0
U1080,72,3,235.09,0,85,Cash,None,Tier 3,0
U1081,78,7,324.07,0,49,Cash,None,Tier 2,0
U1082,87,4,220.98,0,55,Cash,Pro,Tier 2,0
U1083,62,0,375.68,0,8,Card,None,Tier 1,1
U1084,40,1,330.86,0,81,UPI,Pro,Tier 1,0
U1085,85,5,284.33,0,49,UPI,Pro,Tier 2,0
U1086,80,3,356.54,0,28,UPI,None,Tier 3,0
U1087,82,6,313.07,0,38,Card,Pro,Tier 1,0
U1088,53,4,372.54,0,90,UPI,None,Tier 1,0
U1089,24,1,385.38,0,99,UPI,Pro,Tier 1,0
U1090,26,1,314.91,1,44,Card,Pro,Tier 2,0
U1091,89,4,338.14,1,16,Card,None,Tier 1,0
U1092,60,0,360.74,1,55,Cash,None,Tier 1,0
U1093,41,1,279.65,1,97,Card,None,Tier 1,0
U1094,29,4,360.74,0,45,Card,None,Tier 2,0
U1095,15,2,278.45,1,66,Card,Pro,Tier 2,0
U1096,45,8,378.29,0,68,Cash,None,Tier 1,0
U1097,65,1,328.24,2,13,Card,None,Tier 3,1
U1098,89,3,278.17,0,66,Cash,None,Tier 1,0
U1099,71,5,321.0,1,22,Cash,None,Tier 1,0
U1100,9,0,323.12,2,93,Cash,None,Tier 3,1
U1101,88,3,403.43,1,60,UPI,None,Tier 2,0
U1102,1,3,358.67,0,22,UPI,None,Tier 2,0
U1103,8,1,302.19,0,26,UPI,None,Tier 1,0
U1104,88,2,432.45,0,53,UPI,None,Tier 2,0
U1105,63,0,381.32,0,9,UPI,Pro,Tier 2,1
U1106,11,2,333.18,1,88,UPI,None,Tier 3,0
U1107,81,0,272.31,0,76,UPI,None,Tier 1,1
U1108,8,3,328.77,1,15,Card,None,Tier 2,0
U1109,35,5,338.97,0,40,Card,None,Tier 2,0
U1110,35,3,368.45,0,97,UPI,Pro,Tier 3,0
U1111,33,3,380.36,1,54,Card,None,Tier 1,0
U1112,5,4,390.33,0,60,Card,None,Tier 3,0
U1113,41,4,269.43,0,85,Card,Pro,Tier 1,0
U1114,28,3,360.43,0,80,Cash,None,Tier 2,0
U1115,7,6,342.02,0,86,UPI,None,Tier 1,0
U1116,73,3,483.9,0,99,UPI,None,Tier 2,0
U1117,72,7,353.23,0,48,UPI,None,Tier 1,0
U1118,12,5,318.87,1,72,UPI,None,Tier 1,0
U1119,34,2,355.52,0,51,Card,Pro,Tier 1,0
U1120,33,1,349.57,0,1,UPI,None,Tier 1,0
U1121,48,2,250.55,0,95,UPI,None,Tier 3,0
U1122,23,0,370.42,1,49,UPI,Pro,Tier 3,0
U1123,62,4,334.47,0,85,UPI,None,Tier 2,0
U1124,88,1,348.67,1,42,Card,None,Tier 1,0
U1125,37,4,306.32,0,76,Card,None,Tier 2,0
U1126,44,2,295.3,0,7,UPI,None,Tier 2,0
U1127,86,3,393.94,0,58,UPI,None,Tier 3,0
U1128,35,6,405.42,0,64,UPI,None,Tier 2,0
U1129,65,5,370.9,0,80,UPI,None,Tier 3,0
U1130,47,1,259.46,0,11,Cash,Pro,Tier 3,0
U1131,78,2,374.15,1,3,UPI,None,Tier 3,1
U1132,3,3,260.2,0,76,Card,None,Tier 1,0
U1133,1,3,316.94,0,94,Cash,None,Tier 1,0
U1134,5,3,393.28,0,40,UPI,None,Tier 2,0
U1135,14,1,382.88,0,6,UPI,None,Tier 2,0
U1136,27,4,372.85,3,86,Cash,None,Tier 1,0
U1137,9,6,415.65,0,87,Cash,Pro,Tier 1,0
U1138,79,6,378.0,0,68,UPI,None,Tier 2,0
U1139,15,0,249.05,0,68,Card,Pro,Tier 2,0
U1140,42,3,331.52,0,80,Cash,None,Tier 1,0
U1141,77,4,347.92,1,29,UPI,None,Tier 2,0
U1142,51,3,342.06,1,72,Cash,None,Tier 2,0
U1143,63,1,319.14,2,5,UPI,Pro,Tier 2,1
U1144,52,4,298.49,1,88,Card,None,Tier 1,0
U1145,4,2,470.04,3,18,Cash,Pro,Tier 2,0
U1146,23,2,330.56,1,79,Cash,Pro,Tier 2,0
U1147,15,7,467.58,0,84,UPI,None,Tier 1,0
U1148,43,2,292.94,1,65,UPI,None,Tier 2,0
U1149,29,6,382.85,0,9,Card,Pro,Tier 1,0
U1150,36,4,361.48,0,15,Card,Pro,Tier 1,0
U1151,13,4,303.9,0,36,Card,None,Tier 2,0
U1152,32,2,326.62,0,78,Cash,None,Tier 1,0
U1153,71,1,349.24,0,76,Cash,Pro,Tier 1,0
U1154,59,4,307.79,0,76,UPI,None,Tier 3,0
U1155,86,4,337.19,0,31,UPI,None,Tier 1,0
U1156,28,3,231.75,0,46,UPI,None,Tier 3,0
U1157,66,3,385.58,2,71,Card,None,Tier 2,1
U1158,42,2,411.36,2,42,Card,Pro,Tier 1,0
U1159,45,4,372.72,1,81,Card,None,Tier 1,0
U1160,62,3,463.21,0,35,UPI,None,Tier 2,0
U1161,57,6,384.1,0,25,UPI,None,Tier 2,0
U1162,6,2,407.14,1,9,UPI,None,Tier 1,0
U1163,28,1,411.92,1,30,Card,None,Tier 1,0
U1164,28,1,212.45,0,96,UPI,Pro,Tier 2,0
U1165,44,1,371.18,0,28,UPI,Pro,Tier 1,0
U1166,84,5,280.85,0,4,UPI,Pro,Tier 3,1
U1167,30,3,290.95,0,76,Card,None,Tier 2,0
U1168,62,3,299.65,0,0,UPI,None,Tier 2,1
U1169,75,1,334.36,2,86,Cash,None,Tier 1,1
U1170,89,3,382.52,1,2,Card,Pro,Tier 1,1
U1171,62,2,371.7,0,66,Card,None,Tier 3,0
U1172,1,5,349.37,0,70,Card,None,Tier 1,0
U1173,27,4,386.13,0,99,UPI,None,Tier 1,0
U1174,62,7,389.17,0,34,UPI,None,Tier 2,0
U1175,77,2,372.13,0,14,Cash,Pro,Tier 1,0
U1176,3,4,263.77,1,66,Card,None,Tier 2,0
U1177,70,4,313.03,0,92,Cash,None,Tier 3,0
U1178,72,5,351.32,0,29,Card,Pro,Tier 2,0
U1179,27,4,386.67,0,81,UPI,None,Tier 3,0
U1180,9,4,283.57,0,74,UPI,Pro,Tier 3,0
U1181,62,0,349.43,1,42,Card,None,Tier 1,1
U1182,37,3,271.72,1,59,UPI,None,Tier 1,0
U1183,51,6,401.3,0,39,UPI,Pro,Tier 2,0
U1184,44,2,362.12,1,64,Cash,None,Tier 2,0
U1185,24,5,282.69,0,28,UPI,None,Tier 1,0
U1186,79,3,282.36,0,73,UPI,Pro,Tier 3,0
U1187,59,3,369.37,0,91,Cash,None,Tier 2,0
U1188,32,2,418.74,0,94,Cash,Pro,Tier 1,0
U1189,88,6,295.16,0,18,UPI,None,Tier 2,0
U1190,52,5,389.33,2,2,Cash,Pro,Tier 1,0
U1191,62,3,322.89,0,35,Cash,Pro,Tier 3,0
U1192,58,4,391.16,1,42,UPI,Pro,Tier 2,0
U1193,52,3,384.16,2,14,UPI,Pro,Tier 1,0
U1194,12,0,357.76,0,96,UPI,None,Tier 1,0
U1195,39,5,258.28,1,40,Card,Pro,Tier 3,0
U1196,2,4,384.06,1,89,UPI,None,Tier 2,0
U1197,3,6,375.1,0,79,Cash,Pro,Tier 3,0
U1198,56,2,370.52,0,35,Card,Pro,Tier 1,0
U1199,81,3,359.78,1,96,Card,None,Tier 1,0
U1200,59,2,306.06,0,83,Cash,None,Tier 1,0
U1201,2,3,404.15,2,76,Cash,None,Tier 2,0
U1202,2,1,394.91,0,32,UPI,None,Tier 1,0
U1203,54,5,296.23,2,4,UPI,Pro,Tier 1,0
U1204,87,5,415.71,1,77,Card,None,Tier 2,0
U1205,1,3,356.58,1,90,UPI,Pro,Tier 2,0
U1206,19,3,356.46,0,86,UPI,Pro,Tier 1,0
U1207,2,2,341.18,0,13,Card,None,Tier 2,0
U1208,53,4,346.1,1,67,Cash,None,Tier 2,0
U1209,44,2,418.54,0,82,UPI,None,Tier 1,0
U1210,32,4,401.65,0,46,Card,Pro,Tier 1,0
U1211,70,2,400.59,1,53,UPI,None,Tier 1,0
U1212,32,3,359.23,1,3,Card,None,Tier 2,0
U1213,68,2,394.46,1,93,UPI,None,Tier 3,0
U1214,55,4,308.28,0,82,Cash,Pro,Tier 1,0
U1215,75,1,379.17,0,94,UPI,Pro,Tier 1,0
U1216,56,4,342.33,1,94,Card,None,Tier 3,0
U1217,17,5,247.01,2,8,UPI,None,Tier 3,1
U1218,38,1,270.69,1,52,UPI,None,Tier 2,0
U1219,24,2,316.85,1,76,UPI,None,Tier 3,0
U1220,69,2,370.76,1,77,UPI,Pro,Tier 2,0
U1221,70,4,316.9,1,59,UPI,None,Tier 2,0
U1222,86,5,320.44,0,45,UPI,None,Tier 1,0
U1223,11,5,388.16,0,53,Card,Pro,Tier 2,0
U1224,16,3,322.25,1,73,Card,Pro,Tier 1,0
U1225,73,1,416.54,1,94,UPI,None,Tier 3,0
U1226,59,5,408.26,0,36,Card,None,Tier 3,0
U1227,70,4,351.09,1,22,UPI,None,Tier 2,0
U1228,80,4,387.67,2,26,Card,Pro,Tier 1,0
U1229,3,2,380.86,0,69,UPI,None,Tier 1,0
U1230,20,4,337.72,0,89,Card,Pro,Tier 1,0
U1231,59,2,393.08,0,65,UPI,None,Tier 1,0
U1232,36,0,400.45,1,60,Cash,None,Tier 2,0
U1233,19,3,302.38,0,76,UPI,Pro,Tier 3,0
U1234,67,1,357.68,0,50,UPI,Pro,Tier 1,0
U1235,19,4,357.13,0,49,UPI,None,Tier 1,0
U1236,20,1,392.48,0,18,Cash,None,Tier 2,0
U1237,71,2,327.81,2,0,Card,Pro,Tier 1,1
U1238,52,4,320.11,1,39,Card,None,Tier 3,0
U1239,33,1,358.45,1,31,Cash,None,Tier 1,0
U1240,40,6,409.07,0,21,Cash,Pro,Tier 1,0
U1241,39,2,290.03,0,92,Card,None,Tier 1,0
U1242,82,3,298.76,0,65,UPI,None,Tier 1,0
U1243,1,4,323.97,1,39,Cash,None,Tier 2,0
U1244,11,4,332.87,1,37,UPI,None,Tier 1,0
U1245,57,1,261.72,0,47,Card,Pro,Tier 2,0
U1246,89,3,424.91,1,54,Card,None,Tier 2,0
U1247,50,1,343.48,0,74,Card,None,Tier 1,0
U1248,23,2,335.99,0,80,Card,None,Tier 1,0
U1249,31,6,431.13,1,54,Card,None,Tier 2,0
U1250,42,4,385.89,0,50,Cash,Pro,Tier 2,0
U1251,7,4,323.23,2,59,UPI,None,Tier 3,0
U1252,16,3,358.23,1,7,UPI,None,Tier 1,0
U1253,60,3,347.91,1,85,Card,Pro,Tier 1,0
U1254,2,2,422.42,0,67,Cash,None,Tier 1,0
U1255,1,0,341.63,2,74,UPI,None,Tier 2,1
U1256,48,3,277.9,0,71,UPI,None,Tier 2,0
U1257,12,0,256.14,0,8,UPI,Pro,Tier 3,1
U1258,69,7,423.76,0,89,UPI,Pro,Tier 2,0
U1259,37,3,310.57,0,1,Cash,None,Tier 1,0
U1260,32,1,383.51,0,79,Card,None,Tier 2,0
U1261,9,6,353.59,0,94,Card,None,Tier 3,0
U1262,19,2,329.17,0,69,Card,None,Tier 1,0
U1263,48,4,337.01,0,84,Card,Pro,Tier 2,0
U1264,80,2,429.17,1,89,UPI,None,Tier 3,0
U1265,3,3,277.6,2,58,UPI,None,Tier 2,0
U1266,20,0,330.68,2,18,UPI,None,Tier 2,1
U1267,24,2,395.33,1,27,UPI,Pro,Tier 1,0
U1268,54,3,285.84,0,71,UPI,Pro,Tier 2,0
U1269,33,4,415.86,0,13,UPI,None,Tier 1,0
U1270,24,4,394.61,2,23,UPI,Pro,Tier 2,0
U1271,75,5,363.59,0,43,UPI,Pro,Tier 1,0
U1272,72,1,324.84,1,55,Card,Pro,Tier 3,0
U1273,36,3,279.42,1,89,UPI,None,Tier 3,0
U1274,38,3,385.35,1,94,Cash,None,Tier 2,0
U1275,84,3,487.43,1,50,UPI,None,Tier 1,0
U1276,89,4,357.29,1,31,Card,Pro,Tier 1,0
U1277,25,1,258.7,0,49,Cash,None,Tier 2,0
U1278,18,3,372.88,1,40,Cash,Pro,Tier 2,0
U1279,82,5,393.01,0,65,Cash,None,Tier 2,0
U1280,66,6,304.11,0,24,UPI,None,Tier 1,0
U1281,54,6,317.72,1,60,UPI,None,Tier 2,0
U1282,35,7,312.63,0,65,UPI,Pro,Tier 2,0
U1283,80,3,323.43,0,41,UPI,Pro,Tier 2,0
U1284,61,2,341.39,1,64,UPI,None,Tier 2,0
U1285,41,1,306.95,0,35,Cash,None,Tier 2,0
U1286,33,1,288.21,0,75,Card,Pro,Tier 1,0
U1287,68,5,358.72,1,8,Card,None,Tier 1,1
U1288,33,2,340.87,0,35,Cash,None,Tier 2,0
U1289,14,3,328.19,0,91,Card,None,Tier 1,0
U1290,21,2,354.16,1,37,Card,None,Tier 2,0
U1291,48,5,273.99,2,32,Card,Pro,Tier 2,0
U1292,20,1,363.16,1,41,UPI,Pro,Tier 3,0
U1293,8,3,329.22,0,60,UPI,Pro,Tier 2,0
U1294,7,4,361.97,0,45,Cash,None,Tier 1,0
U1295,67,3,369.98,0,85,Cash,Pro,Tier 1,0
U1296,17,7,406.56,1,88,Cash,None,Tier 3,0
U1297,33,6,355.15,1,60,UPI,Pro,Tier 1,0
U1298,48,3,403.34,0,17,Cash,None,Tier 2,0
U1299,76,5,333.9,1,69,UPI,None,Tier 2,0
U1300,59,3,336.29,1,81,UPI,Pro,Tier 1,0
U1301,86,1,345.45,0,79,UPI,Pro,Tier 1,0
U1302,22,2,388.71,1,14,UPI,None,Tier 2,0
U1303,30,1,381.55,0,47,UPI,Pro,Tier 3,0
U1304,38,1,356.75,2,71,UPI,Pro,Tier 1,0
U1305,51,0,288.61,1,12,UPI,Pro,Tier 3,0
U1306,54,4,380.65,0,42,UPI,None,Tier 2,0
U1307,8,3,306.93,0,59,Card,None,Tier 3,0
U1308,27,1,304.21,1,56,Card,None,Tier 1,0
U1309,27,3,293.08,0,70,UPI,Pro,Tier 1,0
U1310,21,2,345.84,0,16,UPI,None,Tier 3,0
U1311,30,3,410.59,0,49,Card,None,Tier 3,0
U1312,28,6,301.73,2,31,Card,None,Tier 2,0
U1313,64,2,433.93,0,21,UPI,Pro,Tier 2,0
U1314,69,4,395.49,1,54,Card,None,Tier 3,0
U1315,61,2,276.77,1,56,Cash,None,Tier 1,0
U1316,48,4,330.86,0,12,UPI,None,Tier 2,0
U1317,19,4,297.99,0,46,UPI,Pro,Tier 3,0
U1318,4,3,383.25,2,86,UPI,Pro,Tier 1,0
U1319,35,1,300.59,0,61,Card,Pro,Tier 1,0
U1320,64,5,268.94,1,53,UPI,Pro,Tier 2,0
U1321,49,4,333.71,0,28,UPI,None,Tier 1,0
U1322,17,4,408.47,0,21,UPI,None,Tier 1,0
U1323,44,2,340.37,0,64,Cash,None,Tier 3,0
U1324,30,5,369.92,0,28,Card,Pro,Tier 2,0
U1325,46,1,371.86,0,47,Card,Pro,Tier 3,0
U1326,6,3,274.39,0,4,Cash,Pro,Tier 3,0
U1327,37,2,305.03,0,34,UPI,Pro,Tier 1,0
U1328,24,2,350.32,0,73,Cash,None,Tier 1,0
U1329,46,1,322.13,0,82,Card,Pro,Tier 1,0
U1330,53,3,435.22,1,70,UPI,Pro,Tier 1,0
U1331,60,3,288.58,1,45,Cash,None,Tier 2,0
U1332,63,3,304.54,1,34,Cash,None,Tier 2,0
U1333,85,3,364.53,1,44,Cash,None,Tier 2,0
U1334,32,0,318.61,1,12,UPI,None,Tier 1,0
U1335,87,6,205.41,1,9,Cash,Pro,Tier 1,1
U1336,33,2,446.73,0,65,Cash,None,Tier 2,0
U1337,67,3,296.28,0,69,UPI,None,Tier 2,0
U1338,18,4,378.04,2,71,UPI,None,Tier 1,0
U1339,25,2,287.33,0,99,UPI,None,Tier 2,0
U1340,54,4,306.85,0,24,Cash,Pro,Tier 1,0
U1341,58,2,268.85,1,43,Card,None,Tier 1,0
U1342,67,5,312.94,1,59,UPI,Pro,Tier 2,0
U1343,46,4,317.79,1,46,UPI,None,Tier 1,0
U1344,24,2,343.37,0,39,UPI,None,Tier 2,0
U1345,32,4,331.37,0,6,Card,None,Tier 1,0
U1346,47,5,277.92,1,45,UPI,None,Tier 1,0
U1347,86,2,323.81,0,22,Cash,None,Tier 1,0
U1348,23,0,422.35,0,82,Card,Pro,Tier 3,0
U1349,66,4,416.42,0,45,Card,None,Tier 2,0
U1350,27,1,372.78,1,85,UPI,None,Tier 3,0
U1351,2,3,383.15,0,12,UPI,Pro,Tier 2,0
U1352,17,4,453.04,0,20,UPI,None,Tier 2,0
U1353,33,1,378.56,1,0,UPI,None,Tier 1,0
U1354,9,3,382.21,2,18,UPI,None,Tier 1,0
U1355,43,2,271.77,0,59,Cash,None,Tier 1,0
U1356,48,2,294.37,1,32,UPI,None,Tier 1,0
U1357,39,3,348.37,0,3,UPI,Pro,Tier 2,0
U1358,42,1,309.63,0,2,UPI,Pro,Tier 1,0
U1359,26,5,300.1,0,90,UPI,None,Tier 1,0
U1360,50,7,305.88,2,51,Cash,None,Tier 1,0
U1361,25,1,278.82,0,98,UPI,None,Tier 2,0
U1362,24,1,310.43,0,27,UPI,Pro,Tier 2,0
U1363,13,0,366.97,0,69,Card,Pro,Tier 3,0
U1364,60,3,439.82,0,69,UPI,Pro,Tier 1,0
U1365,7,3,389.85,1,54,UPI,None,Tier 1,0
U1366,57,6,381.81,1,56,UPI,None,Tier 1,0
U1367,36,3,268.82,0,86,UPI,None,Tier 3,0
U1368,45,4,355.96,0,96,UPI,Pro,Tier 1,0
U1369,20,3,346.65,0,15,UPI,Pro,Tier 2,0
U1370,65,3,364.54,0,23,Cash,None,Tier 2,0
U1371,8,3,331.97,1,68,UPI,Pro,Tier 1,0
U1372,16,1,433.1,2,40,Card,None,Tier 1,0
U1373,14,1,352.64,0,76,Card,None,Tier 1,0
U1374,76,5,357.51,0,46,Card,None,Tier 3,0
U1375,87,3,251.88,1,75,UPI,None,Tier 2,0
U1376,15,3,344.67,1,68,UPI,None,Tier 2,0
U1377,66,2,407.46,2,30,Card,Pro,Tier 2,0
U1378,32,0,377.78,0,91,Card,None,Tier 2,0
U1379,87,4,242.22,1,91,Card,None,Tier 2,0
U1380,63,4,327.52,0,29,UPI,Pro,Tier 1,0
U1381,86,3,436.59,1,17,Cash,None,Tier 1,0
U1382,51,4,342.47,0,43,UPI,Pro,Tier 1,0
U1383,25,2,366.12,1,26,UPI,Pro,Tier 2,0
U1384,58,4,430.95,0,98,UPI,Pro,Tier 1,0
U1385,63,2,342.27,0,25,UPI,None,Tier 2,0
U1386,62,1,389.55,1,59,UPI,None,Tier 1,0
U1387,22,3,370.57,1,17,Card,None,Tier 3,0
U1388,58,5,381.26,0,96,Cash,Pro,Tier 1,0
U1389,58,4,368.96,0,88,Cash,None,Tier 1,0
U1390,86,2,322.62,0,55,UPI,None,Tier 3,0
U1391,49,5,327.61,0,30,Card,None,Tier 2,0
U1392,52,4,307.27,0,58,UPI,Pro,Tier 3,0
U1393,42,6,268.01,0,1,UPI,Pro,Tier 1,0
U1394,70,1,412.23,0,96,UPI,Pro,Tier 1,0
U1395,15,1,350.5,0,38,UPI,None,Tier 2,0
U1396,54,8,409.71,1,60,UPI,None,Tier 3,0
U1397,60,1,428.27,0,62,UPI,None,Tier 1,0
U1398,8,5,352.67,1,95,Card,None,Tier 3,0
U1399,53,3,284.33,1,17,Cash,None,Tier 2,0
U1400,60,4,340.19,0,16,UPI,None,Tier 3,0
U1401,5,3,316.44,1,97,Cash,None,Tier 1,0
U1402,68,1,250.99,1,38,Card,Pro,Tier 1,0
U1403,6,1,324.91,1,70,Card,Pro,Tier 3,0
U1404,47,3,346.42,0,53,Card,None,Tier 3,0
U1405,55,1,317.83,1,98,UPI,None,Tier 2,0
U1406,40,4,311.42,1,93,Cash,Pro,Tier 1,0
U1407,52,0,286.12,1,75,Card,None,Tier 1,0
U1408,16,3,359.8,0,34,Cash,None,Tier 2,0
U1409,13,5,443.46,2,10,Card,None,Tier 1,0
U1410,30,2,413.93,0,60,Cash,None,Tier 1,0
U1411,19,3,382.68,0,43,Card,None,Tier 1,0
U1412,17,3,383.77,0,67,UPI,None,Tier 2,0
U1413,63,1,343.37,0,24,UPI,Pro,Tier 1,0
U1414,19,3,259.77,1,47,UPI,None,Tier 2,0
U1415,58,4,331.53,2,31,UPI,None,Tier 2,0
U1416,55,2,301.54,0,83,UPI,None,Tier 2,0
U1417,62,0,357.73,0,94,Cash,None,Tier 2,1
U1418,23,5,411.66,0,3,Card,Pro,Tier 1,0
U1419,9,4,448.67,1,37,Cash,None,Tier 2,0
U1420,12,3,353.23,1,62,Cash,Pro,Tier 3,0
U1421,1,3,266.64,0,46,Card,None,Tier 2,0
U1422,58,3,353.13,0,0,Cash,None,Tier 3,0
U1423,1,4,354.49,0,2,Card,None,Tier 2,0
U1424,34,3,383.94,0,85,Cash,None,Tier 2,0
U1425,48,4,349.04,0,61,UPI,None,Tier 1,0
U1426,89,2,353.33,2,63,UPI,Pro,Tier 2,0
U1427,1,2,318.4,0,16,UPI,None,Tier 2,0
U1428,16,2,334.4,0,77,Card,Pro,Tier 1,0
U1429,61,3,375.66,0,61,Card,None,Tier 2,0
U1430,64,4,249.58,0,34,UPI,Pro,Tier 1,0
U1431,63,5,334.14,0,12,UPI,None,Tier 2,0
U1432,69,6,384.39,0,34,Cash,None,Tier 2,0
U1433,22,2,432.04,0,42,Card,None,Tier 2,0
U1434,67,2,330.08,0,1,UPI,None,Tier 3,1
U1435,76,2,409.27,0,55,Card,None,Tier 1,0
U1436,26,5,434.5,1,76,Card,None,Tier 1,0
U1437,16,6,330.73,0,50,Cash,None,Tier 1,0
U1438,51,5,322.09,0,53,UPI,None,Tier 3,0
U1439,86,0,340.9,2,15,UPI,None,Tier 2,1
U1440,57,0,345.9,0,17,UPI,None,Tier 2,0
U1441,29,2,404.54,0,6,UPI,None,Tier 1,0
U1442,78,0,311.31,1,44,Cash,None,Tier 2,1
U1443,69,5,426.9,0,35,UPI,None,Tier 1,0
U1444,47,4,309.96,1,40,Cash,None,Tier 2,0
U1445,62,4,286.78,0,93,UPI,Pro,Tier 3,0
U1446,69,0,376.19,0,41,Cash,None,Tier 2,1
U1447,76,3,411.53,0,6,UPI,None,Tier 2,1
U1448,16,3,358.93,0,14,Cash,None,Tier 2,0
U1449,48,4,371.75,1,59,Cash,None,Tier 2,0
U1450,85,1,447.71,0,39,Cash,Pro,Tier 2,0
U1451,39,1,412.23,1,82,UPI,Pro,Tier 2,0
U1452,33,4,351.55,0,36,UPI,None,Tier 1,0
U1453,23,3,328.44,1,65,Card,None,Tier 1,0
U1454,10,6,404.75,1,54,UPI,None,Tier 2,0
U1455,69,2,391.46,2,76,UPI,None,Tier 2,1
U1456,34,2,370.93,2,94,UPI,None,Tier 1,0
U1457,52,3,333.65,0,79,Card,None,Tier 2,0
U1458,10,5,346.18,0,55,Card,None,Tier 1,0
U1459,19,5,342.62,0,43,UPI,None,Tier 1,0
U1460,58,3,334.48,0,56,UPI,None,Tier 2,0
U1461,1,4,319.94,1,5,UPI,Pro,Tier 2,0
U1462,69,6,363.26,0,91,Card,None,Tier 2,0
U1463,4,1,317.68,1,31,UPI,None,Tier 2,0
U1464,16,4,358.87,0,73,UPI,None,Tier 3,0
U1465,24,2,245.01,0,17,Cash,None,Tier 2,0
U1466,80,1,320.01,0,67,Cash,None,Tier 1,0
U1467,2,6,404.92,0,72,Cash,Pro,Tier 1,0
U1468,32,4,304.98,1,6,Cash,None,Tier 1,0
U1469,84,2,379.61,0,7,UPI,Pro,Tier 3,1
U1470,24,3,309.14,0,63,Card,None,Tier 1,0
U1471,12,7,388.79,1,6,UPI,None,Tier 1,0
U1472,50,2,335.14,0,40,Card,None,Tier 1,0
U1473,35,2,333.17,0,39,UPI,Pro,Tier 3,0
U1474,33,3,352.72,1,2,Card,Pro,Tier 1,0
U1475,33,0,282.83,0,16,Card,Pro,Tier 3,0
U1476,61,4,398.6,1,65,UPI,Pro,Tier 1,0
U1477,51,6,415.17,0,78,Card,None,Tier 1,0
U1478,43,4,332.0,0,92,UPI,None,Tier 1,0
U1479,12,1,376.21,0,51,UPI,None,Tier 3,0
U1480,67,3,388.95,0,21,UPI,Pro,Tier 3,0
U1481,65,1,345.44,0,3,UPI,None,Tier 1,1
U1482,33,2,294.59,0,5,UPI,None,Tier 1,0
U1483,40,2,429.7,0,37,Cash,Pro,Tier 2,0
U1484,74,2,330.37,0,25,UPI,None,Tier 1,0
U1485,43,4,319.54,0,10,UPI,Pro,Tier 1,0
U1486,44,7,431.94,3,89,UPI,Pro,Tier 1,0
U1487,29,1,380.5,0,16,Card,None,Tier 1,0
U1488,13,5,362.87,0,87,Card,None,Tier 1,0
U1489,12,4,301.46,0,91,Card,None,Tier 1,0
U1490,46,4,390.14,0,98,Card,None,Tier 1,0
U1491,2,5,494.83,1,30,Cash,None,Tier 3,0
U1492,35,4,394.03,0,76,Cash,None,Tier 1,0
U1493,87,5,374.8,1,34,Card,None,Tier 2,0
U1494,81,5,386.05,0,15,UPI,None,Tier 1,0
U1495,8,3,333.59,0,78,Card,Pro,Tier 2,0
U1496,26,6,333.12,0,17,Card,Pro,Tier 1,0
U1497,74,6,332.48,1,61,Card,None,Tier 2,0
U1498,34,4,321.25,0,26,Cash,None,Tier 1,0
U1499,7,5,332.38,3,34,Card,Pro,Tier 3,0
U1500,68,3,332.14,0,44,Cash,None,Tier 1,0
U1501,58,0,337.77,0,34,UPI,Pro,Tier 1,0
U1502,75,0,336.37,0,27,UPI,None,Tier 3,1
U1503,29,7,362.15,0,8,UPI,Pro,Tier 2,0
U1504,36,3,353.94,1,75,Cash,None,Tier 1,0
U1505,89,8,358.37,0,14,Cash,None,Tier 3,0
U1506,21,2,426.11,0,20,Card,Pro,Tier 1,0
U1507,36,4,353.84,0,51,Card,None,Tier 1,0
U1508,10,3,460.54,1,34,Card,None,Tier 3,0
U1509,73,5,367.63,2,96,Cash,Pro,Tier 1,0
U1510,24,2,327.64,1,50,Cash,Pro,Tier 3,0
U1511,64,0,417.48,0,82,Card,None,Tier 1,1
U1512,49,1,346.02,0,54,Card,None,Tier 2,0
U1513,36,4,230.32,0,86,UPI,None,Tier 2,0
U1514,82,5,349.8,0,76,Card,Pro,Tier 3,0
U1515,24,4,337.54,1,43,UPI,None,Tier 2,0
U1516,23,3,430.33,1,64,UPI,Pro,Tier 1,0
U1517,62,4,305.12,0,92,Cash,None,Tier 2,0
U1518,37,7,333.37,1,87,Card,None,Tier 1,0
U1519,12,2,413.38,0,79,Cash,None,Tier 2,0
U1520,55,1,369.72,0,24,UPI,None,Tier 3,0
U1521,13,4,341.43,1,86,UPI,None,Tier 2,0
U1522,23,2,312.18,0,91,UPI,None,Tier 2,0
U1523,89,5,367.59,0,46,UPI,None,Tier 1,0
U1524,30,0,348.53,1,79,UPI,None,Tier 2,0
U1525,17,4,311.61,0,55,UPI,None,Tier 1,0
U1526,62,1,314.21,0,37,UPI,None,Tier 2,0
U1527,84,3,309.28,1,10,UPI,None,Tier 1,0
U1528,89,0,300.37,0,66,UPI,None,Tier 2,1
U1529,86,2,396.7,0,14,Card,None,Tier 1,0
U1530,13,2,389.97,1,0,UPI,None,Tier 2,0
U1531,59,6,396.78,0,6,Card,None,Tier 1,0
U1532,19,1,350.22,1,0,Card,None,Tier 3,0
U1533,49,3,337.87,0,48,UPI,None,Tier 1,0
U1534,12,3,338.78,0,95,Cash,None,Tier 2,0
U1535,61,2,401.06,2,72,Card,None,Tier 1,1
U1536,19,2,258.99,0,28,Card,None,Tier 2,0
U1537,76,5,324.28,0,25,UPI,None,Tier 1,0
U1538,9,5,305.63,2,86,Card,None,Tier 2,0
U1539,71,1,417.99,0,44,Cash,None,Tier 1,0
U1540,28,2,326.13,1,92,UPI,None,Tier 2,0
U1541,78,2,268.2,0,96,UPI,Pro,Tier 1,0
U1542,52,0,361.17,0,70,UPI,Pro,Tier 1,0
U1543,83,1,331.49,0,11,Card,Pro,Tier 2,0
U1544,16,2,322.15,0,94,UPI,None,Tier 1,0
U1545,69,3,317.0,1,31,Card,None,Tier 1,0
U1546,12,3,315.03,0,19,UPI,Pro,Tier 3,0
U1547,25,2,385.43,0,50,Cash,None,Tier 3,0
U1548,52,3,361.19,0,80,UPI,None,Tier 2,0
U1549,85,2,340.1,0,35,UPI,None,Tier 1,0
U1550,53,4,295.09,0,66,Card,None,Tier 1,0
U1551,23,2,341.56,1,0,UPI,None,Tier 2,0
U1552,16,7,363.03,0,26,UPI,Pro,Tier 1,0
U1553,57,3,364.93,0,39,UPI,None,Tier 3,0
U1554,39,5,358.04,0,96,Card,Pro,Tier 1,0
U1555,53,1,303.87,1,83,Cash,None,Tier 3,0
U1556,42,0,229.84,1,13,Cash,None,Tier 2,0
U1557,58,2,439.98,1,99,UPI,Pro,Tier 2,0
U1558,39,5,284.52,1,68,UPI,Pro,Tier 1,0
U1559,14,1,251.75,0,86,Card,None,Tier 3,0
U1560,5,1,356.53,2,78,Card,None,Tier 1,0
U1561,35,4,264.57,0,5,UPI,None,Tier 2,0
U1562,87,3,309.76,0,32,UPI,Pro,Tier 3,0
U1563,75,4,377.44,1,54,UPI,Pro,Tier 1,0
U1564,18,2,438.63,0,18,Card,None,Tier 2,0
U1565,76,4,369.38,1,76,UPI,Pro,Tier 2,0
U1566,9,2,328.04,1,28,Cash,None,Tier 1,0
U1567,74,6,347.43,1,60,UPI,Pro,Tier 2,0
U1568,58,3,259.57,0,69,UPI,None,Tier 1,0
U1569,17,3,327.46,1,78,UPI,Pro,Tier 1,0
U1570,7,5,327.51,1,79,UPI,Pro,Tier 2,0
U1571,46,4,357.67,0,23,UPI,None,Tier 2,0
U1572,13,1,447.11,1,22,UPI,None,Tier 1,0
U1573,40,4,253.16,0,9,UPI,Pro,Tier 3,0
U1574,42,3,329.62,1,53,UPI,Pro,Tier 3,0
U1575,9,5,258.32,0,40,UPI,Pro,Tier 2,0
U1576,50,4,324.83,0,48,Cash,None,Tier 2,0
U1577,27,4,306.77,2,16,Card,None,Tier 1,0
U1578,66,6,275.28,2,55,Card,Pro,Tier 2,0
U1579,5,4,395.65,1,44,UPI,None,Tier 2,0
U1580,29,1,362.78,0,29,UPI,None,Tier 1,0
U1581,37,1,389.79,2,43,UPI,None,Tier 2,0
U1582,38,1,323.42,0,73,Card,None,Tier 1,0
U1583,83,2,346.46,0,54,UPI,None,Tier 1,0
U1584,8,3,429.73,0,18,UPI,Pro,Tier 2,0
U1585,65,3,349.86,0,28,Card,Pro,Tier 2,0
U1586,86,3,390.4,0,1,UPI,None,Tier 2,1
U1587,17,3,319.13,0,35,UPI,None,Tier 2,0
U1588,71,4,385.8,0,18,UPI,None,Tier 3,0
U1589,89,3,322.55,1,6,Card,None,Tier 2,1
U1590,45,6,255.18,0,25,Card,None,Tier 2,0
U1591,4,2,349.62,0,78,UPI,None,Tier 1,0
U1592,36,3,326.48,0,37,UPI,Pro,Tier 1,0
U1593,70,3,268.76,0,2,Card,None,Tier 1,1
U1594,31,2,359.57,0,79,UPI,Pro,Tier 2,0
U1595,19,0,305.32,1,65,Card,Pro,Tier 2,0
U1596,61,2,504.63,2,94,Card,None,Tier 1,1
U1597,54,8,276.78,0,91,UPI,Pro,Tier 1,0
U1598,39,4,289.35,1,70,UPI,Pro,Tier 1,0
U1599,74,3,393.48,0,93,Card,Pro,Tier 1,0
U1600,19,4,343.35,1,42,UPI,None,Tier 3,0
U1601,39,3,392.46,0,61,UPI,None,Tier 2,0
U1602,67,5,369.02,0,70,Card,Pro,Tier 1,0
U1603,45,2,320.88,0,99,UPI,None,Tier 2,0
U1604,13,3,281.05,0,92,UPI,Pro,Tier 2,0
U1605,58,5,403.55,0,23,UPI,None,Tier 2,0
U1606,20,3,285.58,3,38,Card,None,Tier 1,0
U1607,72,3,377.95,2,67,UPI,None,Tier 2,1
U1608,61,2,395.95,0,92,Cash,None,Tier 1,0
U1609,39,2,343.65,0,43,Card,None,Tier 3,0
U1610,1,2,334.79,0,4,UPI,None,Tier 2,0
U1611,3,7,300.81,0,54,UPI,None,Tier 2,0
U1612,77,3,373.14,1,92,UPI,None,Tier 1,0
U1613,62,1,197.7,0,29,Card,None,Tier 1,0
U1614,63,7,385.79,0,28,Cash,None,Tier 1,0
U1615,25,8,355.97,0,25,Card,Pro,Tier 3,0
U1616,56,6,338.86,0,82,UPI,Pro,Tier 1,0
U1617,33,3,362.12,0,25,Card,None,Tier 1,0
U1618,38,4,281.32,1,36,UPI,None,Tier 3,0
U1619,6,1,229.35,1,90,Card,None,Tier 2,0
U1620,58,2,373.43,0,93,Card,Pro,Tier 2,0
U1621,44,2,415.83,0,52,UPI,Pro,Tier 1,0
U1622,45,4,263.03,1,29,UPI,None,Tier 2,0
U1623,32,5,297.38,1,2,Card,None,Tier 1,0
U1624,45,0,387.62,2,42,Card,Pro,Tier 2,0
U1625,61,1,367.94,1,6,UPI,None,Tier 1,1
U1626,47,4,498.16,1,48,UPI,None,Tier 2,0
U1627,21,0,403.78,0,72,Card,None,Tier 2,0
U1628,80,5,391.77,1,40,UPI,None,Tier 2,0
U1629,85,2,311.81,0,76,UPI,None,Tier 2,0
U1630,75,0,376.24,1,78,UPI,None,Tier 1,1
U1631,36,4,424.77,0,53,UPI,None,Tier 1,0
U1632,19,2,341.78,1,68,Card,Pro,Tier 2,0
U1633,20,3,344.14,0,92,Cash,None,Tier 2,0
U1634,57,2,357.07,1,98,Card,Pro,Tier 3,0
U1635,18,4,316.78,1,90,UPI,Pro,Tier 2,0
U1636,47,4,363.45,0,26,Card,None,Tier 2,0
U1637,49,2,362.2,0,7,UPI,None,Tier 3,0
U1638,14,7,424.0,1,31,UPI,None,Tier 1,0
U1639,15,4,340.53,0,83,Cash,None,Tier 2,0
U1640,31,4,383.74,0,63,UPI,None,Tier 1,0
U1641,1,5,342.02,1,9,Cash,None,Tier 1,0
U1642,54,7,381.99,1,12,UPI,None,Tier 2,0
U1643,3,2,337.5,1,62,Card,None,Tier 2,0
U1644,16,7,378.67,1,92,UPI,Pro,Tier 2,0
U1645,87,4,386.41,0,34,UPI,None,Tier 2,0
U1646,57,9,296.67,0,60,UPI,None,Tier 2,0
U1647,75,3,405.12,1,53,Cash,None,Tier 1,0
U1648,12,4,341.68,0,7,Card,None,Tier 2,0
U1649,74,1,326.51,0,28,Cash,None,Tier 2,0
U1650,16,0,314.5,1,94,Card,None,Tier 3,0
U1651,72,0,364.91,1,40,Cash,None,Tier 1,1
U1652,76,3,349.77,3,29,UPI,None,Tier 1,1
U1653,24,1,368.54,1,85,UPI,Pro,Tier 2,0
U1654,28,4,369.51,0,20,Card,Pro,Tier 3,0
U1655,8,3,380.43,0,75,Card,None,Tier 2,0
U1656,36,4,488.81,0,10,Card,Pro,Tier 2,0
U1657,8,4,351.98,1,1,UPI,None,Tier 3,0
U1658,58,7,313.27,1,49,UPI,None,Tier 3,0
U1659,60,3,249.01,1,40,Cash,Pro,Tier 2,0
U1660,50,2,290.23,0,65,Card,Pro,Tier 2,0
U1661,28,4,411.77,1,97,UPI,None,Tier 1,0
U1662,41,0,386.0,0,2,Card,None,Tier 3,1
U1663,64,3,282.5,0,79,Cash,None,Tier 2,0
U1664,27,1,473.21,0,50,UPI,None,Tier 3,0
U1665,63,2,366.34,1,67,Cash,None,Tier 1,0
U1666,17,8,373.02,0,86,Cash,None,Tier 2,0
U1667,73,2,462.21,0,83,Cash,None,Tier 2,0
U1668,33,1,436.97,0,24,Cash,None,Tier 2,0
U1669,84,3,389.06,0,29,Card,Pro,Tier 1,0
U1670,77,6,391.46,0,81,UPI,None,Tier 2,0
U1671,29,2,396.14,0,10,UPI,None,Tier 2,0
U1672,13,5,337.95,1,92,UPI,Pro,Tier 2,0
U1673,46,1,364.34,0,16,UPI,Pro,Tier 1,0
U1674,35,4,378.72,0,25,UPI,None,Tier 2,0
U1675,6,3,343.66,0,22,UPI,Pro,Tier 1,0
U1676,82,1,301.73,1,55,UPI,Pro,Tier 1,0
U1677,69,2,336.69,0,51,UPI,None,Tier 2,0
U1678,47,3,300.6,0,47,Cash,None,Tier 3,0
U1679,25,0,353.22,1,19,UPI,None,Tier 2,0
U1680,66,1,260.98,1,1,Card,None,Tier 2,1
U1681,10,2,367.05,2,87,Card,None,Tier 1,0
U1682,56,3,268.44,0,30,UPI,None,Tier 2,0
U1683,30,4,329.83,0,26,Cash,Pro,Tier 1,0
U1684,5,2,375.21,0,1,Card,None,Tier 3,0
U1685,33,4,389.56,0,77,UPI,None,Tier 3,0
U1686,65,3,383.62,0,3,UPI,None,Tier 2,1
U1687,18,4,365.99,0,12,UPI,None,Tier 2,0
U1688,49,3,294.04,0,99,UPI,None,Tier 2,0
U1689,11,4,399.03,0,34,UPI,None,Tier 2,0
U1690,85,0,295.18,0,71,Card,None,Tier 1,1
U1691,26,4,404.73,0,65,Cash,None,Tier 1,0
U1692,63,5,381.39,1,5,Card,None,Tier 2,1
U1693,89,2,417.95,1,30,UPI,None,Tier 3,0
U1694,86,7,351.24,0,9,UPI,None,Tier 1,1
U1695,59,6,309.06,0,20,UPI,None,Tier 1,0
U1696,27,2,285.37,0,73,UPI,Pro,Tier 2,0
U1697,49,6,290.92,1,22,UPI,Pro,Tier 3,0
U1698,77,5,268.16,0,2,Cash,None,Tier 1,1
U1699,33,4,397.1,1,31,UPI,None,Tier 1,0
U1700,1,3,403.37,2,19,Cash,Pro,Tier 2,0
U1701,21,3,377.68,0,73,UPI,Pro,Tier 2,0
U1702,55,2,348.35,0,28,Cash,None,Tier 1,0
U1703,6,2,453.05,1,51,Card,None,Tier 1,0
U1704,81,7,345.09,2,45,Card,None,Tier 2,1
U1705,69,7,361.05,0,33,UPI,None,Tier 2,0
U1706,5,4,347.61,1,83,Cash,None,Tier 3,0
U1707,3,3,333.08,1,60,Cash,Pro,Tier 2,0
U1708,53,3,381.55,0,71,Card,None,Tier 1,0
U1709,23,6,318.33,0,70,Card,None,Tier 2,0
U1710,53,5,314.97,1,69,Card,Pro,Tier 2,0
U1711,37,2,384.07,1,10,UPI,None,Tier 1,0
U1712,74,3,325.12,1,81,Card,None,Tier 3,0
U1713,74,6,356.67,0,92,Cash,None,Tier 3,0
U1714,83,1,332.93,1,88,UPI,None,Tier 1,0
U1715,17,2,349.42,0,62,UPI,None,Tier 1,0
U1716,85,1,316.34,0,20,UPI,None,Tier 1,0
U1717,78,3,317.97,2,2,Card,None,Tier 1,1
U1718,73,4,309.01,0,81,UPI,None,Tier 2,0
U1719,1,5,392.17,1,87,UPI,None,Tier 2,0
U1720,51,3,358.59,1,9,UPI,None,Tier 3,0
U1721,45,2,395.93,2,26,Card,None,Tier 1,0
U1722,77,5,401.27,1,11,UPI,None,Tier 2,0
U1723,4,1,327.0,0,6,Card,Pro,Tier 3,0
U1724,62,3,394.08,0,16,UPI,None,Tier 2,0
U1725,65,2,349.29,1,64,Card,None,Tier 1,0
U1726,32,2,342.07,1,63,Cash,Pro,Tier 1,0
U1727,34,1,412.62,0,25,UPI,Pro,Tier 1,0
U1728,72,1,377.69,0,14,UPI,None,Tier 3,0
U1729,39,6,332.38,1,32,Cash,Pro,Tier 3,0
U1730,26,3,374.44,0,61,UPI,Pro,Tier 3,0
U1731,34,1,286.71,1,46,UPI,None,Tier 3,0
U1732,54,6,362.37,0,94,Cash,Pro,Tier 1,0
U1733,3,3,275.02,0,34,Cash,None,Tier 3,0
U1734,50,4,300.78,1,64,Card,None,Tier 3,0
U1735,12,0,379.23,1,71,UPI,None,Tier 1,0
U1736,65,1,216.49,1,75,UPI,None,Tier 1,0
U1737,54,3,440.13,0,82,UPI,None,Tier 2,0
U1738,5,4,391.72,1,24,Card,None,Tier 1,0
U1739,57,2,258.07,0,56,Card,None,Tier 1,0
U1740,17,1,469.92,1,31,Cash,None,Tier 3,0
U1741,47,2,483.71,2,62,UPI,None,Tier 3,0
U1742,23,7,340.98,1,11,Card,None,Tier 1,0
U1743,79,3,303.68,0,62,UPI,None,Tier 2,0
U1744,85,1,434.32,2,76,UPI,None,Tier 3,1
U1745,14,2,332.81,0,91,Card,None,Tier 2,0
U1746,66,1,358.05,0,0,UPI,None,Tier 1,1
U1747,75,4,410.86,1,50,Card,None,Tier 2,0
U1748,51,3,342.32,0,69,Card,None,Tier 3,0
U1749,38,3,337.95,0,7,Cash,Pro,Tier 3,0
U1750,64,3,286.38,0,67,Card,None,Tier 1,0
U1751,38,3,318.47,0,4,Cash,None,Tier 1,0
U1752,50,4,336.96,0,88,Card,None,Tier 3,0
U1753,82,0,288.07,0,85,UPI,Pro,Tier 1,1
U1754,30,2,292.6,0,91,UPI,None,Tier 2,0
U1755,79,3,351.68,1,38,Card,None,Tier 1,0
U1756,51,5,257.51,1,22,Card,None,Tier 1,0
U1757,63,3,306.04,2,67,Card,None,Tier 2,1
U1758,52,5,447.23,0,51,UPI,None,Tier 1,0
U1759,38,5,332.73,0,3,UPI,None,Tier 3,0
U1760,88,3,326.46,0,46,UPI,None,Tier 1,0
U1761,79,2,332.5,1,20,Card,None,Tier 3,0
U1762,30,2,333.29,1,55,Card,None,Tier 3,0
U1763,51,2,378.74,1,65,Card,None,Tier 1,0
U1764,81,3,375.24,0,58,UPI,None,Tier 2,0
U1765,5,1,330.46,0,6,UPI,Pro,Tier 1,0
U1766,29,3,339.31,1,48,Card,None,Tier 2,0
U1767,4,1,415.64,3,15,Card,None,Tier 2,0
U1768,10,0,274.48,2,16,UPI,None,Tier 1,1
U1769,56,5,347.12,0,83,Card,None,Tier 2,0
U1770,17,2,356.76,0,86,UPI,None,Tier 2,0
U1771,74,3,311.17,0,97,Card,Pro,Tier 3,0
U1772,17,3,344.24,0,74,Cash,None,Tier 1,0
U1773,84,6,304.42,1,33,Card,None,Tier 2,0
U1774,88,4,381.86,0,32,Card,None,Tier 1,0
U1775,69,5,283.09,1,25,UPI,Pro,Tier 3,0
U1776,34,3,403.12,1,65,Card,None,Tier 1,0
U1777,6,2,346.33,0,62,Card,None,Tier 2,0
U1778,53,3,327.6,0,86,Card,None,Tier 1,0
U1779,66,5,299.77,0,40,Card,None,Tier 2,0
U1780,77,1,401.53,0,85,UPI,None,Tier 3,0
U1781,43,2,317.41,1,57,Cash,Pro,Tier 2,0
U1782,75,4,291.64,1,97,Card,None,Tier 2,0
U1783,23,2,402.57,0,78,UPI,None,Tier 2,0
U1784,55,3,304.78,1,9,Card,Pro,Tier 3,0
U1785,80,5,345.28,2,14,UPI,None,Tier 2,1
U1786,75,3,390.94,0,41,UPI,None,Tier 3,0
U1787,16,1,357.9,0,92,UPI,Pro,Tier 2,0
U1788,8,3,436.54,1,56,Card,None,Tier 2,0
U1789,4,1,308.25,0,86,Cash,None,Tier 1,0
U1790,4,2,339.47,0,16,Card,None,Tier 2,0
U1791,56,2,343.34,0,59,Card,None,Tier 1,0
U1792,25,1,381.06,0,8,UPI,None,Tier 3,0
U1793,67,1,414.43,0,35,UPI,None,Tier 2,0
U1794,67,2,353.68,0,72,UPI,Pro,Tier 3,0
U1795,27,7,343.12,2,79,Card,None,Tier 1,0
U1796,32,3,275.85,0,35,Cash,None,Tier 1,0
U1797,50,3,355.62,0,47,UPI,None,Tier 3,0
U1798,61,3,317.48,4,50,Card,None,Tier 1,1
U1799,51,4,380.92,1,96,Cash,Pro,Tier 2,0
U1800,19,1,329.52,0,94,UPI,None,Tier 3,0
U1801,21,4,337.97,1,69,Card,None,Tier 2,0
U1802,5,2,276.99,0,73,Card,None,Tier 1,0
U1803,82,2,259.43,0,79,Card,None,Tier 3,0
U1804,42,0,443.05,0,67,UPI,None,Tier 1,0
U1805,61,1,356.48,1,21,Card,None,Tier 3,0
U1806,22,2,370.22,0,76,Card,None,Tier 1,0
U1807,21,2,304.39,0,79,UPI,None,Tier 2,0
U1808,70,5,393.78,0,92,Card,None,Tier 1,0
U1809,1,4,384.76,0,5,UPI,Pro,Tier 2,0
U1810,5,2,309.88,1,25,Cash,Pro,Tier 1,0
U1811,12,2,297.02,2,74,Card,None,Tier 3,0
U1812,46,3,313.37,0,87,Cash,Pro,Tier 2,0
U1813,34,5,348.59,0,92,UPI,None,Tier 1,0
U1814,49,1,358.36,1,2,UPI,Pro,Tier 2,0
U1815,78,2,351.92,4,51,UPI,Pro,Tier 2,0
U1816,45,3,414.94,0,73,UPI,None,Tier 1,0
U1817,27,0,314.25,1,59,UPI,None,Tier 1,0
U1818,73,2,295.67,0,62,Card,None,Tier 2,0
U1819,26,5,350.0,1,64,UPI,None,Tier 1,0
U1820,47,2,265.35,1,51,Card,None,Tier 1,0
U1821,86,3,384.79,0,89,UPI,Pro,Tier 1,0
U1822,56,2,354.9,2,75,Card,None,Tier 2,0
U1823,63,0,333.1,0,13,Card,None,Tier 2,1
U1824,48,7,330.32,0,88,Card,None,Tier 1,0
U1825,61,5,395.5,1,71,Cash,None,Tier 3,0
U1826,81,0,393.91,0,67,UPI,None,Tier 3,1
U1827,26,3,337.68,1,27,UPI,Pro,Tier 1,0
U1828,36,8,379.59,0,70,UPI,Pro,Tier 1,0
U1829,1,4,393.17,0,9,UPI,None,Tier 3,0
U1830,8,3,366.78,0,56,Card,None,Tier 2,0
U1831,52,2,339.73,1,99,UPI,Pro,Tier 1,0
U1832,79,4,369.06,0,65,Card,None,Tier 2,0
U1833,47,5,298.05,2,89,UPI,Pro,Tier 2,0
U1834,56,3,353.56,0,49,Cash,None,Tier 1,0
U1835,86,0,338.34,0,13,Cash,None,Tier 2,1
U1836,14,2,330.51,1,15,UPI,None,Tier 2,0
U1837,28,4,263.67,1,53,UPI,None,Tier 2,0
U1838,87,5,298.62,0,42,Cash,None,Tier 3,0
U1839,78,2,325.71,1,41,Cash,None,Tier 1,0
U1840,88,3,394.75,1,80,UPI,Pro,Tier 2,0
U1841,2,1,364.29,0,21,UPI,None,Tier 2,0
U1842,26,4,396.98,0,67,Cash,Pro,Tier 2,0
U1843,14,5,412.15,0,18,Card,None,Tier 1,0
U1844,59,2,366.47,0,65,UPI,None,Tier 1,0
U1845,56,4,357.01,0,38,Card,None,Tier 1,0
U1846,7,5,301.35,0,72,Cash,None,Tier 1,0
U1847,3,2,449.33,3,18,Cash,Pro,Tier 1,0
U1848,23,2,279.11,1,15,Card,None,Tier 2,0
U1849,18,6,355.94,0,53,Card,None,Tier 1,0
U1850,38,0,391.64,1,24,UPI,None,Tier 2,0
U1851,15,3,392.34,0,17,Cash,Pro,Tier 1,0
U1852,64,3,292.25,0,22,UPI,None,Tier 1,0
U1853,89,4,329.0,0,84,Cash,None,Tier 1,0
U1854,28,10,310.05,1,10,UPI,None,Tier 1,0
U1855,74,5,250.98,1,38,Cash,None,Tier 2,0
U1856,39,4,356.52,1,67,UPI,None,Tier 1,0
U1857,57,3,314.12,0,24,Card,Pro,Tier 3,0
U1858,17,1,425.27,1,62,UPI,Pro,Tier 3,0
U1859,86,2,380.76,1,95,Card,None,Tier 2,0
U1860,44,4,352.07,1,29,Cash,Pro,Tier 2,0
U1861,25,4,326.37,0,44,Card,None,Tier 1,0
U1862,17,2,355.76,0,89,Card,None,Tier 2,0
U1863,13,1,337.21,1,60,UPI,None,Tier 2,0
U1864,84,2,353.48,0,99,Cash,Pro,Tier 1,0
U1865,25,2,445.08,1,50,Card,None,Tier 1,0
U1866,68,1,296.76,1,97,Card,Pro,Tier 1,0
U1867,10,3,341.57,0,8,Card,None,Tier 2,0
U1868,67,1,385.32,1,75,Card,None,Tier 2,0
U1869,18,1,329.99,0,1,UPI,None,Tier 1,0
U1870,86,4,429.03,0,4,Card,None,Tier 2,1
U1871,34,4,383.92,0,61,Card,Pro,Tier 2,0
U1872,8,3,314.06,0,68,Cash,None,Tier 2,0
U1873,40,2,360.2,0,51,Cash,Pro,Tier 1,0
U1874,83,4,314.77,0,85,UPI,Pro,Tier 2,0
U1875,42,4,310.17,0,4,UPI,None,Tier 2,0
U1876,41,5,342.99,1,58,UPI,None,Tier 2,0
U1877,6,4,413.19,0,67,UPI,None,Tier 2,0
U1878,52,1,387.27,2,8,Card,None,Tier 2,1
U1879,26,2,348.87,1,92,Cash,None,Tier 1,0
U1880,64,1,389.06,1,21,UPI,None,Tier 2,0
U1881,59,1,363.43,0,26,UPI,None,Tier 3,0
U1882,56,4,291.51,1,9,Cash,Pro,Tier 2,0
U1883,59,2,342.74,0,79,Cash,None,Tier 1,0
U1884,70,2,346.34,0,60,Card,Pro,Tier 1,0
U1885,33,3,388.08,0,50,Card,None,Tier 3,0
U1886,53,0,321.68,1,9,Card,None,Tier 1,1
U1887,22,2,304.37,0,5,UPI,None,Tier 1,0
U1888,21,1,347.72,0,61,UPI,None,Tier 1,0
U1889,70,1,317.73,1,4,UPI,Pro,Tier 3,1
U1890,70,6,333.82,1,69,UPI,None,Tier 1,0
U1891,4,1,345.96,0,62,Cash,None,Tier 2,0
U1892,75,2,330.85,0,55,Card,None,Tier 2,0
U1893,62,5,398.16,0,58,UPI,None,Tier 1,0
U1894,62,2,420.71,0,62,UPI,None,Tier 3,0
U1895,24,0,393.15,0,88,UPI,None,Tier 2,0
U1896,55,4,261.44,0,58,Card,None,Tier 2,0
U1897,9,5,317.9,0,50,Cash,Pro,Tier 3,0
U1898,3,3,341.07,0,49,UPI,Pro,Tier 3,0
U1899,31,6,257.69,0,3,UPI,None,Tier 2,0
U1900,40,1,306.21,0,47,Card,Pro,Tier 1,0
U1901,36,1,340.43,0,31,Card,None,Tier 3,0
U1902,24,2,327.55,0,50,UPI,None,Tier 2,0
U1903,6,2,350.43,1,51,Card,None,Tier 3,0
U1904,66,4,280.96,0,98,Card,None,Tier 3,0
U1905,84,0,326.99,0,73,UPI,Pro,Tier 1,1
U1906,75,1,357.6,0,33,UPI,None,Tier 3,0
U1907,4,4,350.51,1,35,UPI,None,Tier 1,0
U1908,79,1,372.34,0,69,Cash,None,Tier 2,0
U1909,6,3,369.43,1,42,Cash,Pro,Tier 1,0
U1910,51,4,329.64,0,15,Cash,None,Tier 3,0
U1911,62,6,356.01,0,58,Card,Pro,Tier 2,0
U1912,57,2,310.0,1,52,Card,None,Tier 2,0
U1913,66,2,336.49,2,18,Card,Pro,Tier 3,0
U1914,79,3,297.22,0,97,Cash,None,Tier 2,0
U1915,75,4,403.27,0,88,UPI,None,Tier 2,0
U1916,8,3,336.33,2,94,Card,Pro,Tier 3,0
U1917,26,3,403.2,1,40,Card,Pro,Tier 2,0
U1918,51,3,365.57,0,80,Card,None,Tier 3,0
U1919,45,2,305.72,2,46,UPI,Pro,Tier 3,0
U1920,44,5,362.56,2,93,Card,None,Tier 1,0
U1921,5,2,390.49,2,53,Card,None,Tier 2,0
U1922,70,1,346.12,1,54,UPI,None,Tier 1,0
U1923,26,3,353.7,1,94,Card,None,Tier 2,0
U1924,68,4,322.43,1,18,UPI,Pro,Tier 1,0
U1925,19,2,351.21,0,61,Cash,None,Tier 2,0
U1926,84,2,361.89,0,98,Card,Pro,Tier 1,0
U1927,20,2,321.06,2,92,Card,None,Tier 1,0
U1928,12,3,296.04,2,58,UPI,None,Tier 1,0
U1929,47,1,414.4,0,64,UPI,None,Tier 1,0
U1930,1,2,380.21,1,67,Card,Pro,Tier 2,0
U1931,14,0,322.62,2,27,UPI,None,Tier 1,1
U1932,64,2,360.98,1,17,Card,None,Tier 1,0
U1933,38,2,276.07,0,25,UPI,None,Tier 1,0
U1934,37,2,251.15,0,18,Cash,None,Tier 2,0
U1935,11,4,404.21,0,54,Card,None,Tier 3,0
U1936,77,2,361.48,0,56,UPI,Pro,Tier 1,0
U1937,3,3,347.61,1,5,Card,None,Tier 2,0
U1938,33,2,361.63,0,0,Cash,None,Tier 2,0
U1939,6,5,511.31,0,7,Card,None,Tier 1,0
U1940,50,0,393.45,0,96,UPI,None,Tier 2,0
U1941,10,4,297.73,0,50,Card,Pro,Tier 1,0
U1942,5,2,265.98,0,84,UPI,None,Tier 2,0
U1943,23,6,402.73,1,87,UPI,None,Tier 1,0
U1944,10,2,392.8,1,24,UPI,Pro,Tier 3,0
U1945,44,2,378.75,3,46,Card,None,Tier 1,0
U1946,2,1,309.36,2,54,UPI,None,Tier 2,0
U1947,13,1,368.16,0,63,Cash,None,Tier 3,0
U1948,40,2,313.83,0,82,UPI,None,Tier 1,0
U1949,2,1,383.14,0,92,UPI,None,Tier 2,0
U1950,84,5,399.13,0,9,UPI,Pro,Tier 1,1
U1951,65,3,322.83,0,55,UPI,None,Tier 2,0
U1952,63,2,406.59,2,11,Card,None,Tier 1,1
U1953,73,3,355.74,0,32,UPI,None,Tier 1,0
U1954,17,2,374.59,1,70,UPI,None,Tier 2,0
U1955,9,2,284.52,1,16,UPI,None,Tier 2,0
U1956,75,1,361.61,1,60,UPI,Pro,Tier 2,0
U1957,15,7,316.22,1,9,UPI,Pro,Tier 1,0
U1958,24,2,373.73,0,30,Card,None,Tier 1,0
U1959,38,4,423.36,0,59,Card,None,Tier 2,0
U1960,35,6,364.48,0,69,Card,None,Tier 2,0
U1961,49,3,304.96,2,16,Card,None,Tier 1,0
U1962,69,1,381.32,0,49,Card,None,Tier 1,0
U1963,62,2,370.09,0,36,Cash,None,Tier 1,0
U1964,60,1,452.93,1,81,UPI,None,Tier 1,0
U1965,50,0,362.7,0,61,UPI,None,Tier 1,0
U1966,78,1,320.73,1,89,UPI,None,Tier 1,0
U1967,75,4,388.53,3,79,UPI,None,Tier 2,1
U1968,9,4,343.62,0,71,UPI,Pro,Tier 2,0
U1969,34,6,354.01,1,87,Card,None,Tier 1,0
U1970,76,1,303.58,0,76,UPI,None,Tier 1,0
U1971,35,5,343.88,0,28,Cash,Pro,Tier 1,0
U1972,1,7,351.54,1,31,UPI,Pro,Tier 2,0
U1973,40,2,343.58,0,87,UPI,Pro,Tier 3,0
U1974,64,2,320.46,0,79,Cash,None,Tier 2,0
U1975,22,1,364.41,0,10,Cash,Pro,Tier 2,0
U1976,60,3,303.83,0,95,UPI,Pro,Tier 3,0
U1977,64,4,292.05,2,5,Card,None,Tier 1,1
U1978,72,3,385.48,2,34,Cash,None,Tier 1,1
U1979,11,2,380.89,2,32,UPI,Pro,Tier 2,0
U1980,14,2,284.62,0,17,UPI,None,Tier 1,0
U1981,60,2,258.52,1,36,Cash,None,Tier 2,0
U1982,30,4,299.56,0,12,Card,None,Tier 2,0
U1983,35,6,343.59,0,73,UPI,None,Tier 2,0
U1984,85,1,407.72,0,89,Card,Pro,Tier 1,0
U1985,37,5,342.36,1,80,UPI,None,Tier 2,0
U1986,5,0,311.53,0,63,Cash,None,Tier 2,0
U1987,83,4,357.43,1,0,UPI,Pro,Tier 3,1
U1988,78,4,344.3,0,62,Cash,None,Tier 2,0
U1989,26,5,280.95,0,88,Card,None,Tier 3,0
U1990,62,1,281.25,1,33,UPI,None,Tier 1,0
U1991,4,5,282.59,1,9,UPI,None,Tier 2,0
U1992,89,2,473.99,0,83,Card,None,Tier 1,0
U1993,42,2,393.0,0,6,Cash,None,Tier 1,0
U1994,89,6,320.31,0,55,UPI,None,Tier 3,0
U1995,18,1,405.41,1,79,UPI,None,Tier 3,0
U1996,40,3,321.6,1,36,Card,None,Tier 1,0
U1997,72,5,403.76,1,28,Card,None,Tier 1,0
U1998,39,3,354.02,1,11,UPI,None,Tier 1,0
U1999,14,0,317.06,0,16,Card,None,Tier 3,0
